user_name,time,status
oseoros,2025-Feb-08 03:52:44 PM,offline
mowf,2025-Feb-08 03:52:44 PM,online
FredBoat♪♪,2025-Feb-08 03:52:44 PM,online
vampslayer,2025-Feb-08 03:52:44 PM,online
adisappointingson,2025-Feb-08 03:52:44 PM,dnd
trev4007,2025-Feb-08 03:52:44 PM,offline
ramin5741,2025-Feb-08 03:52:44 PM,offline
chub_chubs,2025-Feb-08 03:52:44 PM,offline
joecoup,2025-Feb-08 03:52:44 PM,idle
brittcn,2025-Feb-08 03:52:44 PM,offline
knut4454,2025-Feb-08 03:52:44 PM,offline
lsdsoundsystem,2025-Feb-08 03:52:44 PM,offline
duckielo,2025-Feb-08 03:52:44 PM,offline
owowowen,2025-Feb-08 03:52:44 PM,offline
administrator3715,2025-Feb-08 03:52:44 PM,offline
alexeisokolov_,2025-Feb-08 03:52:44 PM,offline
farmtill40,2025-Feb-08 03:52:44 PM,online
knut_x,2025-Feb-08 03:52:44 PM,offline
rockashoka,2025-Feb-08 03:52:44 PM,offline
sirzarcon,2025-Feb-08 03:52:44 PM,offline
faith4190,2025-Feb-08 03:52:44 PM,offline
impoopeater,2025-Feb-08 03:52:44 PM,offline
space3750,2025-Feb-08 03:52:44 PM,offline
.croctane,2025-Feb-08 03:52:44 PM,offline
kiki01760,2025-Feb-08 03:52:44 PM,offline
cobra_jo,2025-Feb-08 03:52:44 PM,offline
Owen Tracker,2025-Feb-08 03:52:44 PM,online
duckielowee,2025-Feb-08 03:52:44 PM,offline
adisappointingson,2025-Feb-08 03:56:26 PM,offline
adisappointingson,2025-Feb-08 03:57:30 PM,dnd
adisappointingson,2025-Feb-08 04:00:14 PM,offline
joecoup,2025-Feb-08 04:03:47 PM,dnd
joecoup,2025-Feb-08 04:03:53 PM,idle
owowowen,2025-Feb-08 04:08:09 PM,online
owowowen,2025-Feb-08 04:10:33 PM,offline
knut_x,2025-Feb-08 04:22:26 PM,idle
duckielowee,2025-Feb-08 04:35:58 PM,idle
duckielowee,2025-Feb-08 04:37:58 PM,offline
knut_x,2025-Feb-08 04:44:56 PM,offline
owowowen,2025-Feb-08 04:48:12 PM,online
owowowen,2025-Feb-08 04:50:21 PM,offline
lsdsoundsystem,2025-Feb-08 04:51:00 PM,online
vampslayer,2025-Feb-08 04:52:27 PM,idle
lsdsoundsystem,2025-Feb-08 04:54:22 PM,offline
vampslayer,2025-Feb-08 05:00:56 PM,online
farmtill40,2025-Feb-08 05:01:47 PM,offline
lsdsoundsystem,2025-Feb-08 05:03:17 PM,online
lsdsoundsystem,2025-Feb-08 05:06:36 PM,offline
owowowen,2025-Feb-08 05:10:39 PM,online
owowowen,2025-Feb-08 05:12:46 PM,offline
duckielowee,2025-Feb-08 05:46:03 PM,idle
duckielowee,2025-Feb-08 05:48:03 PM,offline
vampslayer,2025-Feb-08 05:55:28 PM,idle
duckielowee,2025-Feb-08 05:56:44 PM,idle
duckielo,2025-Feb-08 05:57:38 PM,idle
lsdsoundsystem,2025-Feb-08 06:03:41 PM,online
lsdsoundsystem,2025-Feb-08 06:05:42 PM,offline
ramin5741,2025-Feb-08 06:06:48 PM,online
ramin5741,2025-Feb-08 06:09:27 PM,offline
joecoup,2025-Feb-08 06:14:13 PM,offline
joecoup,2025-Feb-08 06:14:19 PM,idle
faith4190,2025-Feb-08 06:15:04 PM,online
faith4190,2025-Feb-08 06:17:05 PM,offline
knut_x,2025-Feb-08 06:21:23 PM,idle
duckielo,2025-Feb-08 06:32:52 PM,offline
duckielowee,2025-Feb-08 06:33:55 PM,offline
vampslayer,2025-Feb-08 06:45:21 PM,online
duckielowee,2025-Feb-08 06:46:12 PM,idle
duckielo,2025-Feb-08 06:51:13 PM,idle
lsdsoundsystem,2025-Feb-08 06:58:29 PM,online
lsdsoundsystem,2025-Feb-08 07:00:29 PM,offline
knut_x,2025-Feb-08 07:03:45 PM,offline
knut_x,2025-Feb-08 07:05:09 PM,idle
duckielowee,2025-Feb-08 07:09:34 PM,offline
duckielowee,2025-Feb-08 07:09:43 PM,idle
duckielowee,2025-Feb-08 07:14:47 PM,offline
duckielowee,2025-Feb-08 07:14:56 PM,idle
duckielowee,2025-Feb-08 07:18:47 PM,offline
duckielo,2025-Feb-08 07:19:53 PM,offline
knut_x,2025-Feb-08 07:22:09 PM,offline
duckielowee,2025-Feb-08 07:31:52 PM,idle
mowf,2025-Feb-08 07:34:10 PM,idle
duckielowee,2025-Feb-08 07:45:22 PM,offline
ramin5741,2025-Feb-08 07:46:10 PM,online
lsdsoundsystem,2025-Feb-08 07:47:22 PM,online
vampslayer,2025-Feb-08 07:48:53 PM,idle
ramin5741,2025-Feb-08 07:49:11 PM,offline
vampslayer,2025-Feb-08 07:50:23 PM,online
lsdsoundsystem,2025-Feb-08 07:51:41 PM,offline
lsdsoundsystem,2025-Feb-08 07:53:23 PM,online
lsdsoundsystem,2025-Feb-08 07:55:26 PM,offline
duckielowee,2025-Feb-08 07:58:51 PM,idle
ramin5741,2025-Feb-08 08:05:07 PM,online
ramin5741,2025-Feb-08 08:07:16 PM,offline
ramin5741,2025-Feb-08 08:13:02 PM,online
mowf,2025-Feb-08 08:16:30 PM,online
mowf,2025-Feb-08 08:26:34 PM,idle
mowf,2025-Feb-08 08:29:25 PM,online
faith4190,2025-Feb-08 08:34:11 PM,online
rockashoka,2025-Feb-08 08:36:08 PM,idle
rockashoka,2025-Feb-08 08:36:11 PM,online
faith4190,2025-Feb-08 08:36:59 PM,offline
mowf,2025-Feb-08 08:40:26 PM,idle
mowf,2025-Feb-08 08:42:30 PM,online
mowf,2025-Feb-08 08:52:46 PM,idle
mowf,2025-Feb-08 09:05:09 PM,online
lsdsoundsystem,2025-Feb-08 09:11:58 PM,online
lsdsoundsystem,2025-Feb-08 09:14:22 PM,offline
lsdsoundsystem,2025-Feb-08 09:22:14 PM,online
lsdsoundsystem,2025-Feb-08 09:24:30 PM,offline
mowf,2025-Feb-08 09:36:10 PM,idle
mowf,2025-Feb-08 09:42:29 PM,online
owowowen,2025-Feb-08 09:53:58 PM,online
mowf,2025-Feb-08 09:55:31 PM,idle
mowf,2025-Feb-08 10:00:53 PM,online
owowowen,2025-Feb-08 10:16:58 PM,idle
owowowen,2025-Feb-08 10:18:40 PM,online
rockashoka,2025-Feb-08 10:23:14 PM,idle
lsdsoundsystem,2025-Feb-08 10:23:44 PM,online
rockashoka,2025-Feb-08 10:25:02 PM,offline
lsdsoundsystem,2025-Feb-08 10:25:44 PM,offline
adisappointingson,2025-Feb-08 10:28:42 PM,dnd
adisappointingson,2025-Feb-08 10:31:57 PM,offline
mowf,2025-Feb-08 10:33:15 PM,idle
adisappointingson,2025-Feb-08 10:36:49 PM,dnd
adisappointingson,2025-Feb-08 10:39:55 PM,offline
mowf,2025-Feb-08 10:47:53 PM,online
adisappointingson,2025-Feb-08 11:07:41 PM,dnd
adisappointingson,2025-Feb-08 11:09:42 PM,offline
mowf,2025-Feb-08 11:21:01 PM,idle
mowf,2025-Feb-08 11:22:10 PM,online
adisappointingson,2025-Feb-08 11:22:55 PM,dnd
adisappointingson,2025-Feb-08 11:24:56 PM,offline
adisappointingson,2025-Feb-08 11:36:30 PM,dnd
adisappointingson,2025-Feb-08 11:38:58 PM,offline
lsdsoundsystem,2025-Feb-08 11:39:10 PM,online
mowf,2025-Feb-08 11:40:13 PM,idle
adisappointingson,2025-Feb-08 11:41:58 PM,dnd
lsdsoundsystem,2025-Feb-08 11:42:31 PM,offline
adisappointingson,2025-Feb-08 11:44:05 PM,offline
.croctane,2025-Feb-08 11:44:59 PM,online
mowf,2025-Feb-08 11:48:53 PM,online
lsdsoundsystem,2025-Feb-08 11:55:03 PM,online
lsdsoundsystem,2025-Feb-08 11:57:34 PM,offline
adisappointingson,2025-Feb-08 11:58:40 PM,dnd
mowf,2025-Feb-08 11:58:55 PM,idle
adisappointingson,2025-Feb-09 12:00:40 AM,offline
lsdsoundsystem,2025-Feb-09 12:01:22 AM,online
lsdsoundsystem,2025-Feb-09 12:05:32 AM,offline
lsdsoundsystem,2025-Feb-09 12:07:26 AM,online
alexeisokolov_,2025-Feb-09 12:08:56 AM,online
